user_id,age,location,persona
1,24,Bengaluru,sports_enthusiast
2,37,Bengaluru,sports_enthusiast
3,46,Bengaluru,sports_enthusiast
4,32,Hyderabad,foodie
5,28,Chennai,music_lover
6,25,Hyderabad,tech_geek
7,46,Chennai,adventurer
8,38,Hyderabad,tech_geek
9,24,Hyderabad,tech_geek
10,43,Delhi,social_butterfly
11,36,Hyderabad,music_lover
12,40,Mumbai,social_butterfly
13,28,Delhi,music_lover
14,28,Hyderabad,music_lover
15,41,Bengaluru,sports_enthusiast
16,38,Mumbai,foodie
17,21,Mumbai,sports_enthusiast
18,25,Mumbai,foodie
19,41,Delhi,social_butterfly
20,20,Hyderabad,foodie
21,39,Hyderabad,social_butterfly
22,38,Bengaluru,tech_geek
23,19,Bengaluru,tech_geek
24,41,Mumbai,foodie
25,29,Bengaluru,foodie
26,47,Delhi,social_butterfly
27,23,Hyderabad,sports_enthusiast
28,19,Mumbai,social_butterfly
29,49,Bengaluru,sports_enthusiast
30,45,Delhi,tech_geek
31,38,Delhi,music_lover
32,18,Bengaluru,foodie
33,29,Hyderabad,sports_enthusiast
34,43,Bengaluru,social_butterfly
35,39,Mumbai,tech_geek
36,46,Bengaluru,sports_enthusiast
37,29,Delhi,social_butterfly
38,42,Bengaluru,foodie
39,34,Hyderabad,foodie
40,44,Chennai,adventurer
41,44,Bengaluru,music_lover
42,48,Hyderabad,adventurer
43,27,Hyderabad,tech_geek
44,49,Delhi,sports_enthusiast
45,45,Hyderabad,tech_geek
46,45,Hyderabad,social_butterfly
47,33,Hyderabad,foodie
48,32,Hyderabad,adventurer
49,47,Mumbai,adventurer
50,47,Mumbai,adventurer
51,32,Delhi,tech_geek
52,47,Bengaluru,foodie
53,36,Hyderabad,sports_enthusiast
54,29,Bengaluru,social_butterfly
55,40,Bengaluru,sports_enthusiast
56,37,Delhi,tech_geek
57,49,Hyderabad,social_butterfly
58,42,Hyderabad,adventurer
59,20,Chennai,music_lover
60,22,Bengaluru,tech_geek
61,36,Bengaluru,tech_geek
62,24,Mumbai,foodie
63,38,Chennai,sports_enthusiast
64,26,Mumbai,tech_geek
65,24,Mumbai,tech_geek
66,35,Mumbai,adventurer
67,21,Delhi,adventurer
68,42,Delhi,social_butterfly
69,45,Mumbai,music_lover
70,31,Chennai,foodie
71,35,Bengaluru,music_lover
72,43,Chennai,social_butterfly
73,26,Hyderabad,adventurer
74,43,Delhi,sports_enthusiast
75,38,Bengaluru,adventurer
76,19,Bengaluru,foodie
77,37,Hyderabad,adventurer
78,45,Hyderabad,foodie
79,32,Mumbai,foodie
80,45,Delhi,foodie
81,24,Delhi,social_butterfly
82,29,Chennai,foodie
83,46,Mumbai,foodie
84,25,Mumbai,sports_enthusiast
85,32,Mumbai,music_lover
86,20,Mumbai,tech_geek
87,31,Delhi,music_lover
88,34,Delhi,foodie
89,21,Mumbai,sports_enthusiast
90,35,Chennai,adventurer
91,25,Bengaluru,sports_enthusiast
92,21,Bengaluru,foodie
93,19,Chennai,sports_enthusiast
94,47,Mumbai,sports_enthusiast
95,23,Delhi,foodie
96,39,Bengaluru,social_butterfly
97,27,Hyderabad,sports_enthusiast
98,21,Hyderabad,tech_geek
99,39,Chennai,tech_geek
100,46,Mumbai,sports_enthusiast
101,48,Bengaluru,social_butterfly
102,35,Mumbai,adventurer
103,43,Bengaluru,foodie
104,29,Chennai,tech_geek
105,19,Chennai,adventurer
106,27,Hyderabad,sports_enthusiast
107,47,Mumbai,adventurer
108,21,Hyderabad,music_lover
109,31,Mumbai,tech_geek
110,48,Hyderabad,sports_enthusiast
111,33,Delhi,foodie
112,32,Delhi,social_butterfly
113,25,Delhi,sports_enthusiast
114,31,Delhi,foodie
115,40,Bengaluru,social_butterfly
116,45,Delhi,social_butterfly
117,42,Chennai,sports_enthusiast
118,47,Chennai,adventurer
119,25,Bengaluru,adventurer
120,38,Delhi,social_butterfly
121,33,Delhi,adventurer
122,30,Delhi,music_lover
123,35,Hyderabad,social_butterfly
124,32,Mumbai,social_butterfly
125,38,Hyderabad,foodie
126,41,Mumbai,adventurer
127,43,Delhi,social_butterfly
128,42,Delhi,music_lover
129,45,Hyderabad,foodie
130,45,Hyderabad,sports_enthusiast
131,45,Mumbai,social_butterfly
132,30,Chennai,music_lover
133,26,Mumbai,tech_geek
134,46,Hyderabad,music_lover
135,32,Hyderabad,music_lover
136,30,Bengaluru,foodie
137,18,Hyderabad,sports_enthusiast
138,42,Bengaluru,tech_geek
139,24,Chennai,adventurer
140,26,Mumbai,adventurer
141,41,Mumbai,music_lover
142,18,Bengaluru,foodie
143,29,Mumbai,foodie
144,25,Hyderabad,adventurer
145,41,Delhi,tech_geek
146,48,Bengaluru,sports_enthusiast
147,28,Mumbai,tech_geek
148,36,Bengaluru,social_butterfly
149,34,Bengaluru,social_butterfly
150,25,Delhi,sports_enthusiast
151,20,Hyderabad,adventurer
152,20,Bengaluru,sports_enthusiast
153,18,Mumbai,foodie
154,44,Chennai,social_butterfly
155,22,Bengaluru,music_lover
156,27,Bengaluru,music_lover
157,24,Delhi,adventurer
158,43,Hyderabad,foodie
159,26,Chennai,tech_geek
160,45,Mumbai,foodie
161,24,Chennai,music_lover
162,26,Mumbai,music_lover
163,25,Hyderabad,social_butterfly
164,29,Mumbai,foodie
165,19,Delhi,foodie
166,18,Delhi,music_lover
167,33,Delhi,tech_geek
168,40,Delhi,adventurer
169,40,Chennai,adventurer
170,47,Hyderabad,foodie
171,41,Mumbai,adventurer
172,22,Mumbai,music_lover
173,20,Delhi,music_lover
174,29,Delhi,foodie
175,25,Bengaluru,foodie
176,39,Hyderabad,social_butterfly
177,44,Chennai,foodie
178,20,Mumbai,tech_geek
179,18,Bengaluru,adventurer
180,20,Bengaluru,foodie
181,22,Mumbai,sports_enthusiast
182,32,Chennai,social_butterfly
183,31,Bengaluru,sports_enthusiast
184,20,Bengaluru,music_lover
185,18,Hyderabad,adventurer
186,22,Chennai,foodie
187,43,Bengaluru,sports_enthusiast
188,40,Chennai,adventurer
189,48,Mumbai,music_lover
190,31,Delhi,tech_geek
191,24,Bengaluru,social_butterfly
192,44,Hyderabad,adventurer
193,26,Mumbai,adventurer
194,32,Chennai,tech_geek
195,32,Mumbai,adventurer
196,43,Bengaluru,music_lover
197,27,Chennai,music_lover
198,45,Delhi,tech_geek
199,30,Mumbai,social_butterfly
200,36,Bengaluru,foodie
201,48,Hyderabad,sports_enthusiast
202,49,Chennai,foodie
203,24,Mumbai,adventurer
204,34,Mumbai,sports_enthusiast
205,37,Delhi,tech_geek
206,46,Delhi,tech_geek
207,49,Hyderabad,social_butterfly
208,21,Hyderabad,sports_enthusiast
209,47,Bengaluru,music_lover
210,22,Bengaluru,sports_enthusiast
211,40,Hyderabad,adventurer
212,24,Hyderabad,music_lover
213,30,Chennai,tech_geek
214,32,Delhi,sports_enthusiast
215,28,Bengaluru,foodie
216,46,Delhi,social_butterfly
217,21,Delhi,foodie
218,30,Hyderabad,social_butterfly
219,49,Chennai,adventurer
220,24,Mumbai,foodie
221,44,Chennai,sports_enthusiast
222,36,Chennai,sports_enthusiast
223,39,Delhi,foodie
224,45,Chennai,sports_enthusiast
225,19,Bengaluru,adventurer
226,27,Delhi,music_lover
227,30,Bengaluru,adventurer
228,47,Mumbai,social_butterfly
229,42,Delhi,adventurer
230,38,Mumbai,social_butterfly
231,23,Delhi,sports_enthusiast
232,45,Hyderabad,music_lover
233,45,Chennai,sports_enthusiast
234,29,Hyderabad,tech_geek
235,29,Mumbai,sports_enthusiast
236,37,Chennai,social_butterfly
237,47,Delhi,sports_enthusiast
238,47,Chennai,sports_enthusiast
239,28,Bengaluru,music_lover
240,49,Chennai,sports_enthusiast
241,43,Bengaluru,music_lover
242,40,Chennai,foodie
243,45,Bengaluru,tech_geek
244,42,Mumbai,music_lover
245,24,Hyderabad,social_butterfly
246,47,Delhi,foodie
247,18,Chennai,music_lover
248,18,Hyderabad,music_lover
249,42,Delhi,tech_geek
250,44,Delhi,social_butterfly
251,47,Bengaluru,adventurer
252,42,Mumbai,adventurer
253,37,Mumbai,music_lover
254,30,Hyderabad,sports_enthusiast
255,26,Mumbai,social_butterfly
256,20,Chennai,foodie
257,24,Mumbai,sports_enthusiast
258,23,Hyderabad,sports_enthusiast
259,25,Mumbai,social_butterfly
260,44,Chennai,music_lover
261,26,Bengaluru,music_lover
262,47,Hyderabad,music_lover
263,22,Bengaluru,music_lover
264,18,Bengaluru,adventurer
265,36,Bengaluru,music_lover
266,27,Delhi,adventurer
267,29,Delhi,adventurer
268,41,Bengaluru,music_lover
269,32,Hyderabad,tech_geek
270,44,Chennai,foodie
271,39,Chennai,sports_enthusiast
272,49,Mumbai,adventurer
273,49,Hyderabad,social_butterfly
274,41,Delhi,social_butterfly
275,26,Bengaluru,foodie
276,37,Mumbai,social_butterfly
277,34,Chennai,tech_geek
278,47,Delhi,social_butterfly
279,34,Delhi,sports_enthusiast
280,43,Bengaluru,sports_enthusiast
281,37,Chennai,adventurer
282,29,Hyderabad,music_lover
283,47,Delhi,tech_geek
284,24,Bengaluru,adventurer
285,19,Hyderabad,tech_geek
286,20,Chennai,music_lover
287,34,Delhi,social_butterfly
288,22,Hyderabad,social_butterfly
289,34,Hyderabad,music_lover
290,41,Hyderabad,adventurer
291,34,Delhi,music_lover
292,44,Delhi,foodie
293,34,Mumbai,sports_enthusiast
294,19,Chennai,adventurer
295,19,Bengaluru,tech_geek
296,45,Hyderabad,foodie
297,39,Mumbai,adventurer
298,40,Bengaluru,music_lover
299,22,Mumbai,music_lover
300,49,Delhi,music_lover
301,18,Hyderabad,music_lover
302,18,Bengaluru,tech_geek
303,36,Bengaluru,foodie
304,47,Bengaluru,social_butterfly
305,19,Bengaluru,sports_enthusiast
306,38,Bengaluru,tech_geek
307,29,Mumbai,tech_geek
308,43,Hyderabad,social_butterfly
309,49,Delhi,social_butterfly
310,23,Delhi,sports_enthusiast
311,49,Delhi,sports_enthusiast
312,40,Delhi,social_butterfly
313,21,Mumbai,music_lover
314,40,Chennai,tech_geek
315,28,Hyderabad,adventurer
316,41,Bengaluru,sports_enthusiast
317,44,Chennai,sports_enthusiast
318,34,Delhi,social_butterfly
319,48,Chennai,foodie
320,23,Hyderabad,adventurer
321,41,Bengaluru,adventurer
322,22,Bengaluru,sports_enthusiast
323,37,Hyderabad,music_lover
324,19,Hyderabad,foodie
325,23,Delhi,adventurer
326,39,Bengaluru,sports_enthusiast
327,28,Chennai,adventurer
328,48,Mumbai,foodie
329,33,Mumbai,foodie
330,33,Hyderabad,tech_geek
331,18,Delhi,social_butterfly
332,26,Mumbai,social_butterfly
333,45,Bengaluru,sports_enthusiast
334,44,Hyderabad,foodie
335,23,Chennai,tech_geek
336,33,Hyderabad,tech_geek
337,46,Chennai,adventurer
338,20,Hyderabad,adventurer
339,37,Hyderabad,tech_geek
340,45,Hyderabad,adventurer
341,44,Chennai,foodie
342,21,Chennai,music_lover
343,36,Hyderabad,foodie
344,43,Mumbai,tech_geek
345,20,Delhi,tech_geek
346,48,Delhi,foodie
347,36,Delhi,adventurer
348,37,Chennai,adventurer
349,49,Chennai,social_butterfly
350,24,Mumbai,tech_geek
351,37,Delhi,sports_enthusiast
352,26,Delhi,social_butterfly
353,18,Hyderabad,adventurer
354,25,Chennai,foodie
355,49,Delhi,adventurer
356,24,Mumbai,foodie
357,35,Mumbai,social_butterfly
358,25,Delhi,tech_geek
359,18,Chennai,adventurer
360,28,Mumbai,foodie
361,45,Hyderabad,tech_geek
362,42,Mumbai,sports_enthusiast
363,42,Bengaluru,foodie
364,35,Bengaluru,social_butterfly
365,40,Chennai,sports_enthusiast
366,48,Delhi,sports_enthusiast
367,47,Chennai,music_lover
368,27,Chennai,adventurer
369,20,Chennai,foodie
370,24,Chennai,sports_enthusiast
371,45,Hyderabad,music_lover
372,33,Hyderabad,social_butterfly
373,43,Mumbai,tech_geek
374,33,Bengaluru,foodie
375,42,Chennai,sports_enthusiast
376,37,Mumbai,adventurer
377,45,Bengaluru,music_lover
378,34,Delhi,sports_enthusiast
379,19,Hyderabad,adventurer
380,18,Bengaluru,sports_enthusiast
381,33,Delhi,foodie
382,47,Bengaluru,foodie
383,29,Hyderabad,foodie
384,22,Hyderabad,social_butterfly
385,22,Mumbai,social_butterfly
386,49,Chennai,music_lover
387,44,Bengaluru,foodie
388,40,Bengaluru,adventurer
389,26,Delhi,sports_enthusiast
390,26,Hyderabad,tech_geek
391,20,Bengaluru,adventurer
392,36,Hyderabad,social_butterfly
393,33,Bengaluru,social_butterfly
394,33,Mumbai,adventurer
395,20,Chennai,social_butterfly
396,37,Bengaluru,foodie
397,41,Hyderabad,music_lover
398,39,Mumbai,sports_enthusiast
399,41,Bengaluru,music_lover
400,18,Delhi,sports_enthusiast
401,41,Chennai,sports_enthusiast
402,37,Bengaluru,music_lover
403,28,Mumbai,adventurer
404,34,Delhi,sports_enthusiast
405,25,Mumbai,music_lover
406,21,Mumbai,sports_enthusiast
407,23,Delhi,tech_geek
408,25,Mumbai,adventurer
409,37,Delhi,foodie
410,47,Bengaluru,sports_enthusiast
411,20,Delhi,tech_geek
412,33,Delhi,foodie
413,47,Chennai,foodie
414,42,Delhi,sports_enthusiast
415,20,Delhi,music_lover
416,42,Bengaluru,sports_enthusiast
417,46,Chennai,tech_geek
418,35,Hyderabad,foodie
419,49,Bengaluru,sports_enthusiast
420,31,Bengaluru,music_lover
421,35,Hyderabad,sports_enthusiast
422,19,Delhi,adventurer
423,39,Mumbai,music_lover
424,20,Chennai,tech_geek
425,33,Mumbai,foodie
426,46,Hyderabad,sports_enthusiast
427,26,Bengaluru,music_lover
428,21,Bengaluru,adventurer
429,18,Chennai,music_lover
430,21,Bengaluru,social_butterfly
431,18,Bengaluru,adventurer
432,31,Chennai,tech_geek
433,38,Chennai,foodie
434,33,Hyderabad,tech_geek
435,37,Bengaluru,sports_enthusiast
436,41,Bengaluru,music_lover
437,49,Hyderabad,social_butterfly
438,25,Delhi,adventurer
439,24,Delhi,adventurer
440,20,Delhi,music_lover
441,34,Hyderabad,social_butterfly
442,49,Bengaluru,music_lover
443,18,Hyderabad,sports_enthusiast
444,33,Hyderabad,tech_geek
445,29,Delhi,adventurer
446,44,Mumbai,sports_enthusiast
447,36,Bengaluru,tech_geek
448,39,Delhi,sports_enthusiast
449,40,Mumbai,social_butterfly
450,39,Mumbai,adventurer
451,31,Chennai,music_lover
452,47,Bengaluru,music_lover
453,23,Mumbai,tech_geek
454,23,Delhi,foodie
455,30,Chennai,social_butterfly
456,36,Bengaluru,tech_geek
457,39,Hyderabad,foodie
458,25,Delhi,sports_enthusiast
459,44,Mumbai,social_butterfly
460,44,Mumbai,sports_enthusiast
461,19,Delhi,adventurer
462,38,Mumbai,social_butterfly
463,47,Chennai,foodie
464,18,Bengaluru,adventurer
465,45,Chennai,music_lover
466,32,Mumbai,foodie
467,49,Hyderabad,tech_geek
468,18,Bengaluru,music_lover
469,22,Bengaluru,music_lover
470,45,Delhi,tech_geek
471,46,Delhi,social_butterfly
472,33,Hyderabad,music_lover
473,36,Bengaluru,foodie
474,21,Hyderabad,adventurer
475,20,Delhi,music_lover
476,49,Delhi,foodie
477,34,Bengaluru,sports_enthusiast
478,49,Chennai,foodie
479,34,Mumbai,adventurer
480,29,Delhi,foodie
481,45,Delhi,tech_geek
482,47,Chennai,adventurer
483,46,Chennai,social_butterfly
484,31,Hyderabad,sports_enthusiast
485,38,Hyderabad,tech_geek
486,23,Mumbai,social_butterfly
487,20,Mumbai,foodie
488,45,Bengaluru,adventurer
489,26,Hyderabad,sports_enthusiast
490,22,Delhi,tech_geek
491,41,Hyderabad,social_butterfly
492,46,Delhi,social_butterfly
493,34,Chennai,sports_enthusiast
494,31,Hyderabad,foodie
495,38,Chennai,sports_enthusiast
496,48,Mumbai,social_butterfly
497,20,Mumbai,music_lover
498,45,Bengaluru,tech_geek
499,18,Hyderabad,sports_enthusiast
500,37,Chennai,social_butterfly
501,48,Delhi,foodie
502,46,Mumbai,social_butterfly
503,38,Mumbai,foodie
504,49,Delhi,sports_enthusiast
505,40,Chennai,foodie
506,18,Chennai,adventurer
507,49,Hyderabad,adventurer
508,20,Hyderabad,adventurer
509,49,Bengaluru,music_lover
510,35,Mumbai,sports_enthusiast
511,42,Hyderabad,social_butterfly
512,27,Chennai,social_butterfly
513,48,Delhi,music_lover
514,39,Chennai,foodie
515,43,Mumbai,music_lover
516,20,Chennai,foodie
517,25,Bengaluru,foodie
518,31,Mumbai,tech_geek
519,41,Delhi,social_butterfly
520,35,Bengaluru,adventurer
521,49,Mumbai,foodie
522,32,Delhi,tech_geek
523,39,Bengaluru,social_butterfly
524,40,Bengaluru,adventurer
525,19,Mumbai,foodie
526,48,Hyderabad,foodie
527,44,Bengaluru,music_lover
528,27,Bengaluru,music_lover
529,19,Delhi,social_butterfly
530,43,Chennai,adventurer
531,34,Mumbai,foodie
532,25,Mumbai,social_butterfly
533,18,Hyderabad,social_butterfly
534,26,Hyderabad,sports_enthusiast
535,28,Mumbai,music_lover
536,39,Hyderabad,adventurer
537,33,Delhi,foodie
538,24,Mumbai,social_butterfly
539,46,Hyderabad,foodie
540,27,Mumbai,sports_enthusiast
541,40,Chennai,adventurer
542,43,Bengaluru,social_butterfly
543,20,Mumbai,foodie
544,35,Bengaluru,music_lover
545,42,Hyderabad,sports_enthusiast
546,41,Bengaluru,adventurer
547,30,Mumbai,sports_enthusiast
548,45,Chennai,music_lover
549,43,Hyderabad,adventurer
550,24,Mumbai,sports_enthusiast
551,42,Hyderabad,tech_geek
552,21,Delhi,music_lover
553,30,Bengaluru,music_lover
554,37,Delhi,music_lover
555,18,Mumbai,tech_geek
556,25,Chennai,tech_geek
557,49,Hyderabad,foodie
558,31,Bengaluru,social_butterfly
559,33,Hyderabad,sports_enthusiast
560,31,Mumbai,foodie
561,29,Hyderabad,sports_enthusiast
562,36,Bengaluru,social_butterfly
563,40,Mumbai,tech_geek
564,32,Hyderabad,social_butterfly
565,45,Chennai,tech_geek
566,19,Mumbai,social_butterfly
567,19,Mumbai,foodie
568,49,Chennai,adventurer
569,40,Delhi,foodie
570,48,Bengaluru,sports_enthusiast
571,39,Delhi,foodie
572,36,Hyderabad,music_lover
573,42,Chennai,sports_enthusiast
574,43,Delhi,social_butterfly
575,48,Mumbai,sports_enthusiast
576,47,Hyderabad,adventurer
577,46,Hyderabad,tech_geek
578,39,Delhi,social_butterfly
579,43,Delhi,sports_enthusiast
580,43,Chennai,social_butterfly
581,39,Bengaluru,social_butterfly
582,34,Delhi,social_butterfly
583,37,Delhi,tech_geek
584,27,Mumbai,foodie
585,23,Hyderabad,social_butterfly
586,32,Bengaluru,music_lover
587,39,Mumbai,adventurer
588,28,Chennai,tech_geek
589,45,Chennai,sports_enthusiast
590,22,Delhi,tech_geek
591,18,Delhi,sports_enthusiast
592,25,Chennai,tech_geek
593,38,Delhi,sports_enthusiast
594,45,Bengaluru,social_butterfly
595,29,Delhi,foodie
596,29,Hyderabad,sports_enthusiast
597,22,Delhi,sports_enthusiast
598,24,Mumbai,music_lover
599,21,Bengaluru,sports_enthusiast
600,23,Mumbai,music_lover
601,30,Mumbai,adventurer
602,49,Hyderabad,social_butterfly
603,37,Bengaluru,music_lover
604,47,Bengaluru,foodie
605,32,Bengaluru,social_butterfly
606,20,Bengaluru,music_lover
607,40,Bengaluru,social_butterfly
608,25,Hyderabad,social_butterfly
609,37,Delhi,social_butterfly
610,33,Mumbai,adventurer
611,30,Bengaluru,foodie
612,35,Delhi,tech_geek
613,45,Delhi,tech_geek
614,27,Mumbai,music_lover
615,47,Hyderabad,social_butterfly
616,36,Chennai,music_lover
617,34,Chennai,adventurer
618,41,Delhi,adventurer
619,48,Mumbai,sports_enthusiast
620,36,Chennai,adventurer
621,45,Delhi,sports_enthusiast
622,43,Hyderabad,foodie
623,40,Chennai,music_lover
624,43,Delhi,foodie
625,22,Delhi,adventurer
626,43,Bengaluru,foodie
627,38,Hyderabad,foodie
628,47,Bengaluru,foodie
629,40,Mumbai,adventurer
630,48,Bengaluru,social_butterfly
631,26,Bengaluru,foodie
632,29,Chennai,sports_enthusiast
633,38,Delhi,adventurer
634,18,Hyderabad,foodie
635,43,Bengaluru,social_butterfly
636,43,Hyderabad,adventurer
637,18,Bengaluru,tech_geek
638,32,Mumbai,social_butterfly
639,19,Bengaluru,sports_enthusiast
640,49,Chennai,foodie
641,47,Delhi,tech_geek
642,39,Mumbai,tech_geek
643,33,Bengaluru,adventurer
644,42,Hyderabad,tech_geek
645,25,Mumbai,sports_enthusiast
646,30,Mumbai,sports_enthusiast
647,38,Bengaluru,music_lover
648,18,Mumbai,sports_enthusiast
649,33,Hyderabad,social_butterfly
650,46,Mumbai,tech_geek
651,24,Hyderabad,sports_enthusiast
652,49,Bengaluru,adventurer
653,48,Delhi,music_lover
654,22,Mumbai,tech_geek
655,39,Delhi,music_lover
656,46,Hyderabad,tech_geek
657,40,Mumbai,adventurer
658,20,Chennai,music_lover
659,29,Delhi,foodie
660,43,Mumbai,social_butterfly
661,33,Delhi,social_butterfly
662,36,Mumbai,tech_geek
663,22,Bengaluru,foodie
664,39,Delhi,music_lover
665,42,Chennai,foodie
666,46,Chennai,foodie
667,31,Hyderabad,music_lover
668,45,Mumbai,adventurer
669,22,Delhi,foodie
670,32,Hyderabad,foodie
671,34,Delhi,adventurer
672,47,Mumbai,foodie
673,31,Chennai,foodie
674,47,Bengaluru,foodie
675,37,Chennai,social_butterfly
676,22,Hyderabad,sports_enthusiast
677,29,Bengaluru,adventurer
678,33,Hyderabad,foodie
679,43,Mumbai,social_butterfly
680,43,Bengaluru,adventurer
681,33,Hyderabad,tech_geek
682,38,Mumbai,tech_geek
683,24,Chennai,foodie
684,21,Mumbai,social_butterfly
685,18,Delhi,social_butterfly
686,47,Mumbai,adventurer
687,47,Mumbai,adventurer
688,22,Delhi,social_butterfly
689,40,Hyderabad,adventurer
690,43,Hyderabad,social_butterfly
691,27,Mumbai,sports_enthusiast
692,39,Delhi,social_butterfly
693,22,Delhi,tech_geek
694,21,Chennai,adventurer
695,19,Hyderabad,social_butterfly
696,37,Bengaluru,social_butterfly
697,48,Hyderabad,adventurer
698,27,Hyderabad,sports_enthusiast
699,43,Chennai,sports_enthusiast
700,36,Bengaluru,adventurer
701,43,Chennai,music_lover
702,49,Bengaluru,adventurer
703,18,Mumbai,adventurer
704,41,Bengaluru,sports_enthusiast
705,22,Chennai,sports_enthusiast
706,30,Hyderabad,adventurer
707,21,Bengaluru,adventurer
708,33,Bengaluru,adventurer
709,41,Delhi,sports_enthusiast
710,33,Hyderabad,adventurer
711,40,Mumbai,adventurer
712,19,Chennai,foodie
713,34,Mumbai,music_lover
714,45,Hyderabad,tech_geek
715,49,Bengaluru,music_lover
716,49,Bengaluru,foodie
717,44,Hyderabad,tech_geek
718,37,Bengaluru,adventurer
719,41,Bengaluru,foodie
720,29,Bengaluru,adventurer
721,35,Chennai,sports_enthusiast
722,20,Chennai,social_butterfly
723,45,Delhi,foodie
724,18,Mumbai,sports_enthusiast
725,18,Hyderabad,foodie
726,46,Hyderabad,foodie
727,36,Hyderabad,sports_enthusiast
728,28,Delhi,tech_geek
729,22,Chennai,music_lover
730,29,Delhi,adventurer
731,20,Hyderabad,foodie
732,18,Mumbai,adventurer
733,18,Bengaluru,social_butterfly
734,25,Chennai,sports_enthusiast
735,27,Chennai,adventurer
736,28,Delhi,sports_enthusiast
737,29,Chennai,adventurer
738,46,Hyderabad,music_lover
739,30,Hyderabad,music_lover
740,29,Delhi,music_lover
741,48,Hyderabad,music_lover
742,31,Mumbai,music_lover
743,19,Delhi,music_lover
744,46,Mumbai,sports_enthusiast
745,36,Bengaluru,foodie
746,35,Mumbai,adventurer
747,20,Bengaluru,music_lover
748,40,Bengaluru,sports_enthusiast
749,34,Mumbai,sports_enthusiast
750,43,Delhi,sports_enthusiast
751,25,Hyderabad,foodie
752,46,Hyderabad,adventurer
753,43,Bengaluru,foodie
754,27,Bengaluru,tech_geek
755,43,Delhi,sports_enthusiast
756,47,Chennai,tech_geek
757,19,Mumbai,social_butterfly
758,36,Bengaluru,music_lover
759,26,Hyderabad,music_lover
760,24,Delhi,foodie
761,21,Mumbai,adventurer
762,43,Delhi,tech_geek
763,38,Mumbai,adventurer
764,35,Mumbai,foodie
765,30,Bengaluru,music_lover
766,28,Delhi,adventurer
767,46,Delhi,adventurer
768,41,Hyderabad,music_lover
769,21,Hyderabad,tech_geek
770,42,Bengaluru,music_lover
771,38,Bengaluru,adventurer
772,46,Chennai,tech_geek
773,42,Hyderabad,tech_geek
774,21,Mumbai,music_lover
775,27,Delhi,adventurer
776,22,Bengaluru,foodie
777,26,Delhi,adventurer
778,41,Delhi,sports_enthusiast
779,49,Chennai,social_butterfly
780,20,Hyderabad,foodie
781,34,Bengaluru,tech_geek
782,20,Delhi,foodie
783,33,Bengaluru,tech_geek
784,21,Mumbai,tech_geek
785,35,Chennai,foodie
786,34,Mumbai,tech_geek
787,24,Bengaluru,tech_geek
788,49,Bengaluru,sports_enthusiast
789,41,Hyderabad,adventurer
790,40,Delhi,adventurer
791,47,Delhi,social_butterfly
792,49,Mumbai,social_butterfly
793,22,Chennai,sports_enthusiast
794,29,Delhi,social_butterfly
795,34,Hyderabad,foodie
796,40,Mumbai,music_lover
797,30,Mumbai,music_lover
798,40,Hyderabad,music_lover
799,42,Chennai,sports_enthusiast
800,20,Hyderabad,sports_enthusiast
801,26,Chennai,tech_geek
802,47,Hyderabad,music_lover
803,34,Hyderabad,foodie
804,34,Bengaluru,social_butterfly
805,47,Mumbai,foodie
806,37,Hyderabad,social_butterfly
807,33,Hyderabad,music_lover
808,42,Delhi,music_lover
809,39,Mumbai,music_lover
810,30,Delhi,sports_enthusiast
811,44,Mumbai,social_butterfly
812,36,Delhi,sports_enthusiast
813,34,Hyderabad,sports_enthusiast
814,21,Hyderabad,adventurer
815,29,Bengaluru,foodie
816,46,Delhi,foodie
817,26,Chennai,tech_geek
818,36,Bengaluru,sports_enthusiast
819,29,Delhi,social_butterfly
820,26,Delhi,adventurer
821,24,Bengaluru,adventurer
822,45,Hyderabad,foodie
823,31,Delhi,sports_enthusiast
824,48,Hyderabad,tech_geek
825,49,Bengaluru,sports_enthusiast
826,37,Hyderabad,music_lover
827,36,Mumbai,sports_enthusiast
828,43,Chennai,music_lover
829,32,Delhi,music_lover
830,33,Chennai,tech_geek
831,38,Hyderabad,social_butterfly
832,22,Delhi,foodie
833,20,Hyderabad,sports_enthusiast
834,29,Mumbai,music_lover
835,42,Bengaluru,sports_enthusiast
836,37,Delhi,social_butterfly
837,44,Mumbai,foodie
838,38,Mumbai,social_butterfly
839,21,Delhi,foodie
840,38,Hyderabad,adventurer
841,40,Mumbai,foodie
842,33,Chennai,tech_geek
843,42,Mumbai,social_butterfly
844,24,Hyderabad,music_lover
845,30,Hyderabad,adventurer
846,38,Chennai,tech_geek
847,27,Mumbai,sports_enthusiast
848,43,Hyderabad,social_butterfly
849,24,Delhi,music_lover
850,31,Bengaluru,foodie
851,48,Bengaluru,music_lover
852,43,Bengaluru,sports_enthusiast
853,22,Mumbai,adventurer
854,20,Chennai,adventurer
855,40,Hyderabad,social_butterfly
856,46,Delhi,adventurer
857,28,Delhi,social_butterfly
858,28,Mumbai,social_butterfly
859,35,Bengaluru,social_butterfly
860,32,Mumbai,foodie
861,29,Chennai,tech_geek
862,26,Chennai,social_butterfly
863,27,Hyderabad,social_butterfly
864,43,Hyderabad,tech_geek
865,29,Chennai,music_lover
866,34,Chennai,social_butterfly
867,46,Chennai,foodie
868,23,Mumbai,adventurer
869,24,Chennai,adventurer
870,31,Delhi,sports_enthusiast
871,30,Bengaluru,sports_enthusiast
872,25,Chennai,adventurer
873,27,Bengaluru,adventurer
874,26,Mumbai,foodie
875,35,Bengaluru,tech_geek
876,44,Mumbai,sports_enthusiast
877,43,Delhi,tech_geek
878,19,Mumbai,foodie
879,22,Mumbai,adventurer
880,46,Hyderabad,social_butterfly
881,22,Chennai,tech_geek
882,23,Chennai,adventurer
883,36,Delhi,adventurer
884,25,Delhi,music_lover
885,33,Chennai,tech_geek
886,30,Hyderabad,social_butterfly
887,18,Chennai,tech_geek
888,39,Hyderabad,adventurer
889,37,Delhi,social_butterfly
890,34,Bengaluru,foodie
891,48,Delhi,music_lover
892,24,Delhi,adventurer
893,42,Mumbai,sports_enthusiast
894,30,Mumbai,sports_enthusiast
895,21,Mumbai,music_lover
896,21,Mumbai,foodie
897,23,Hyderabad,adventurer
898,45,Chennai,tech_geek
899,48,Bengaluru,music_lover
900,36,Delhi,foodie
901,46,Hyderabad,tech_geek
902,29,Bengaluru,sports_enthusiast
903,39,Hyderabad,sports_enthusiast
904,24,Hyderabad,tech_geek
905,44,Delhi,music_lover
906,27,Chennai,sports_enthusiast
907,43,Mumbai,adventurer
908,36,Chennai,social_butterfly
909,24,Delhi,tech_geek
910,47,Delhi,tech_geek
911,20,Delhi,sports_enthusiast
912,30,Bengaluru,music_lover
913,30,Chennai,adventurer
914,35,Chennai,music_lover
915,45,Hyderabad,foodie
916,47,Hyderabad,foodie
917,43,Hyderabad,social_butterfly
918,37,Delhi,sports_enthusiast
919,45,Chennai,sports_enthusiast
920,25,Delhi,sports_enthusiast
921,46,Bengaluru,social_butterfly
922,48,Hyderabad,foodie
923,26,Delhi,music_lover
924,24,Delhi,social_butterfly
925,18,Bengaluru,social_butterfly
926,20,Mumbai,music_lover
927,30,Chennai,sports_enthusiast
928,45,Mumbai,adventurer
929,47,Hyderabad,music_lover
930,42,Delhi,foodie
931,48,Bengaluru,tech_geek
932,45,Bengaluru,tech_geek
933,34,Chennai,social_butterfly
934,42,Mumbai,tech_geek
935,41,Chennai,adventurer
936,18,Delhi,sports_enthusiast
937,23,Chennai,foodie
938,38,Bengaluru,adventurer
939,23,Bengaluru,foodie
940,43,Hyderabad,foodie
941,29,Hyderabad,sports_enthusiast
942,30,Delhi,social_butterfly
943,49,Mumbai,tech_geek
944,30,Chennai,sports_enthusiast
945,46,Delhi,adventurer
946,32,Hyderabad,social_butterfly
947,38,Chennai,adventurer
948,33,Hyderabad,social_butterfly
949,39,Chennai,adventurer
950,38,Mumbai,sports_enthusiast
951,28,Delhi,social_butterfly
952,45,Chennai,social_butterfly
953,22,Bengaluru,foodie
954,21,Bengaluru,foodie
955,20,Chennai,music_lover
956,36,Chennai,adventurer
957,37,Chennai,foodie
958,42,Bengaluru,music_lover
959,35,Bengaluru,foodie
960,32,Chennai,adventurer
961,26,Hyderabad,social_butterfly
962,34,Hyderabad,tech_geek
963,31,Mumbai,adventurer
964,32,Delhi,sports_enthusiast
965,48,Hyderabad,foodie
966,18,Bengaluru,foodie
967,38,Hyderabad,social_butterfly
968,39,Mumbai,sports_enthusiast
969,39,Mumbai,social_butterfly
970,20,Delhi,sports_enthusiast
971,33,Hyderabad,tech_geek
972,40,Bengaluru,foodie
973,42,Bengaluru,foodie
974,28,Chennai,tech_geek
975,29,Bengaluru,music_lover
976,27,Delhi,social_butterfly
977,49,Delhi,tech_geek
978,33,Bengaluru,social_butterfly
979,25,Bengaluru,adventurer
980,23,Chennai,foodie
981,29,Bengaluru,social_butterfly
982,41,Chennai,sports_enthusiast
983,45,Chennai,social_butterfly
984,38,Bengaluru,adventurer
985,25,Mumbai,foodie
986,43,Mumbai,tech_geek
987,45,Chennai,adventurer
988,21,Bengaluru,foodie
989,43,Mumbai,social_butterfly
990,25,Bengaluru,music_lover
991,43,Bengaluru,music_lover
992,45,Bengaluru,sports_enthusiast
993,35,Hyderabad,foodie
994,45,Bengaluru,music_lover
995,45,Hyderabad,tech_geek
996,22,Chennai,foodie
997,26,Mumbai,tech_geek
998,21,Mumbai,tech_geek
999,49,Mumbai,music_lover
1000,44,Mumbai,foodie
